<?xml version="1.0" encoding="UTF-8"?>
<project-private xmlns="http://www.netbeans.org/ns/project-private/1">
    <editor-bookmarks xmlns="http://www.netbeans.org/ns/editor-bookmarks/2" lastBookmarkId="0"/>
    <open-files xmlns="http://www.netbeans.org/ns/projectui-open-files/2">
        <group>
            <file>file:/C:/lec11/src/ImageServer.java</file>
            <file>file:/C:/lec11/src/Scrollpanel.java</file>
            <file>file:/C:/lec11/src/WebpageDownload.java</file>
            <file>file:/C:/lec11/src/ImageClient.java</file>
            <file>file:/C:/lec11/src/Scroll.java</file>
        </group>
    </open-files>
</project-private>
