<?xml version="1.0" encoding="UTF-8"?>
<project-private xmlns="http://www.netbeans.org/ns/project-private/1">
    <editor-bookmarks xmlns="http://www.netbeans.org/ns/editor-bookmarks/2" lastBookmarkId="0"/>
    <open-files xmlns="http://www.netbeans.org/ns/projectui-open-files/2">
        <group>
            <file>file:/C:/lec8/src/Mag.java</file>
            <file>file:/C:/lec8/src/Robottest.java</file>
            <file>file:/C:/lec8/src/Imge.java</file>
            <file>file:/C:/lec8/src/MouseMag.java</file>
            <file>file:/C:/lec8/src/imgp.java</file>
        </group>
    </open-files>
</project-private>
